Title,URL
第 1 节 摆烂后我成为顶流明星,https://www.ysg0.com/book/3553/ed73c43b53510.html
第 2 节 逆子,https://www.ysg0.com/book/3553/f7a6e3693f403.html
第 3 节 绝处逢生,https://www.ysg0.com/book/3553/ddb8f4933b40a.html
第 4 节 变成厉鬼后,https://www.ysg0.com/book/3553/cb0b4f786d5af.html
第 5 节 归途乐园,https://www.ysg0.com/book/3553/131450af93569.html
第 6 节 女主的自我攻略,https://www.ysg0.com/book/3553/9b6e6580420b9.html
第 7 节 顶流母女虐渣记,https://www.ysg0.com/book/3553/4b5af8b14e29a.html
第 8 节 失去道德后精神好多了,https://www.ysg0.com/book/3553/bcf6d3fedc2d3.html
第 9 节 黑料姐弟怼人爆红,https://www.ysg0.com/book/3553/026283dacaa5e.html
第 10 节 保送内定后我摆烂了,https://www.ysg0.com/book/3553/59f5d97d15afc.html
第 11 节 只有我弟受伤的世界达成了,https://www.ysg0.com/book/3553/e4184eb464670.html
第 12 节 掉马后我成为全网团宠,https://www.ysg0.com/book/3553/0e12fcc50775e.html
第 13 节 女霸总的自我修养,https://www.ysg0.com/book/3553/42d3a903ba3b4.html
第 14 节 荒唐闹剧,https://www.ysg0.com/book/3553/b219e1bd16d07.html
第 15 节 全员恶人,https://www.ysg0.com/book/3553/d2c3eca0cdb95.html
第 16 节 落难天鹅,https://www.ysg0.com/book/3553/1fe72e39aaf5d.html
第 17 节 内卷的正确姿势,https://www.ysg0.com/book/3553/ce24417f53f0e.html
第 18 节 重启人生,https://www.ysg0.com/book/3553/2825d97df29ec.html
第 19 节 抢回身体后，我杀疯了,https://www.ysg0.com/book/3553/e7e456c4c38ef.html
第 20 节 反击霸凌者系统,https://www.ysg0.com/book/3553/d8d4247bfdb03.html
第 21 节 梦想大学,https://www.ysg0.com/book/3553/895d7660b005d.html
第 22 节 我和我的怨种哥哥,https://www.ysg0.com/book/3553/af9cbb24d41b2.html
第 23 节 救赎文女配觉醒了,https://www.ysg0.com/book/3553/6da4f1cd518d9.html
第 24 节 我被首富接回家后，全员火葬场了,https://www.ysg0.com/book/3553/a583943ec602c.html
第 25 节 致命反杀,https://www.ysg0.com/book/3553/e7b3cbd715d16.html
第 26 节 第二年冬,https://www.ysg0.com/book/3553/fb40082f8cbd5.html
第 27 节 黑月光打脸手册,https://www.ysg0.com/book/3553/648e95d255550.html
第 28 节 剧情结束后女配回来了,https://www.ysg0.com/book/3553/31b4b1bb8d7cc.html
第 29 节 涅槃凰女,https://www.ysg0.com/book/3553/185ff76f0510b.html
第 30 节 一品名臣之路,https://www.ysg0.com/book/3553/f039677ba5fd3.html
